imagen,label
0__20170730_191231_0f21__-122.27200380112893_37.81706576554629.png,0
0__20170730_191231_0f21__-122.33750606573481_37.75691156452564.png,0
0__20170730_191231_0f21__-122.34184325361097_37.751717265244366.png,0
0__20170730_191231_0f21__-122.34751650522355_37.76105035630336.png,0
0__20170730_191231_0f21__-122.37813586093333_37.744721851195116.png,0
0__20170731_181110_100c__-122.1100734442055_37.74570660140298.png,0
0__20170731_181110_100c__-122.12505808259749_37.76577359606463.png,0
0__20170731_181110_100c__-122.13076104971015_37.802318332137865.png,0
0__20170731_181110_100c__-122.24467801517211_37.79601959818527.png,0
0__20170731_181110_100c__-122.24657378000313_37.810659846631175.png,0
0__20170731_181110_100c__-122.26984004672006_37.83257273411516.png,0
0__20170731_181110_100c__-122.30559838878357_37.79658370224589.png,0
0__20170731_181111_100c__-122.11206436899363_37.678772559160265.png,0
0__20170731_181111_100c__-122.11597073510491_37.7308524440235.png,0
0__20170731_181111_100c__-122.18250018877207_37.702400560579164.png,0
0__20170731_181111_100c__-122.20541623876532_37.70439589947727.png,0
0__20170731_181111_100c__-122.25263081147605_37.75069860094023.png,0
0__20170731_181111_100c__-122.25685734454744_37.73669192771171.png,0
0__20170731_181111_100c__-122.31782681890151_37.77113012761632.png,0
0__20170731_181112_100c__-122.09089200659054_37.62950765767643.png,0
0__20170731_181112_100c__-122.10712199363826_37.61137986895084.png,0
0__20170731_181112_100c__-122.10784227873009_37.64780760750027.png,0
0__20170731_181112_100c__-122.14691472811401_37.60924067951446.png,0
0__20170731_181112_100c__-122.22466043143726_37.63094927620458.png,0
0__20170731_181112_100c__-122.26453525687617_37.67984902519703.png,0
0__20170731_181112_100c__-122.33542540997013_37.635275567351115.png,0
0__20170802_191250_0f2a__-122.3350297765945_37.68345826525159.png,0
0__20170802_191250_0f2a__-122.39186417057465_37.62735981858558.png,0
0__20170802_191250_0f2a__-122.40579261292613_37.6585808308493.png,0
0__20170802_191250_0f2a__-122.43496435343626_37.6868997202232.png,0
0__20170802_191250_0f2a__-122.47797447430605_37.62825893889731.png,0
0__20170803_234846_0c54__-122.25317492526956_37.74399630801404.png,0
0__20170803_234846_0c54__-122.31288402791509_37.76047496934605.png,0
0__20170803_234846_0c54__-122.34832559986074_37.76976150039886.png,0
0__20170803_234846_0c54__-122.3998197808329_37.81719152240282.png,0
0__20170803_234846_0c54__-122.40290469580557_37.82350732489707.png,0
0__20170803_234846_0c54__-122.4223675500529_37.823658460340184.png,0
0__20170805_180925_1001__-121.98433864168372_37.71711049944024.png,0
0__20170805_180925_1001__-121.99560598721226_37.70444463876972.png,0
0__20170805_180925_1001__-122.04154410344307_37.69693161218746.png,0
0__20170805_180925_1001__-122.06884314323169_37.72621741151038.png,0
0__20170805_180925_1001__-122.11229121143568_37.70540796806745.png,0
0__20170805_180925_1001__-122.12793942161804_37.740837916440604.png,0
0__20170805_180925_1001__-122.15781691483255_37.70030704463924.png,0
0__20170805_180925_1001__-122.1615560941348_37.68557019378132.png,0
0__20170805_180925_1001__-122.21492622085995_37.71911495017346.png,0
0__20170811_191957_0c1b__-122.37765392824012_37.79817610353768.png,0
0__20170811_191957_0c1b__-122.38000192190461_37.82709335243613.png,0
0__20170811_191958_0c1b__-122.31043910456438_37.81835156788685.png,0
0__20170811_191958_0c1b__-122.31632118593917_37.83471742274225.png,0
0__20170811_191958_0c1b__-122.41034549647401_37.89506294322339.png,0
0__20170811_191958_0c1b__-122.41702604505032_37.89163524693535.png,0
0__20170811_191958_0c1b__-122.42630363015478_37.88759795854697.png,0
0__20170815_180821_102d__-122.07446587713707_37.73942970314551.png,0
0__20170815_180821_102d__-122.08693255500694_37.77781408256089.png,0
0__20170815_180821_102d__-122.10504798438441_37.74453290882066.png,0
0__20170815_180821_102d__-122.13604188261739_37.77315516376871.png,0
0__20170815_180821_102d__-122.31520860648239_37.75954212378132.png,0
0__20170815_180821_102d__-122.33596727406135_37.76141847589309.png,0
0__20170815_180821_102d__-122.33878792394485_37.82711254044187.png,0
0__20170815_180821_102d__-122.33971895196679_37.76849682060519.png,0
0__20170815_180821_102d__-122.35743180234532_37.780248680436365.png,0
0__20170815_180821_102d__-122.35936346628462_37.801160530560615.png,0
0__20170815_180822_102d__-122.10016464803147_37.658429871624826.png,0
0__20170815_180822_102d__-122.14243066576057_37.69773556425502.png,0
0__20170815_180822_102d__-122.31058897766523_37.72885252974886.png,0
0__20170815_180822_102d__-122.32649380689163_37.72816032871097.png,0
0__20170815_180822_102d__-122.33000602354856_37.73886092913296.png,1
0__20170815_180822_102d__-122.33591003774664_37.76020138293472.png,0
0__20170815_180822_102d__-122.3409427238148_37.726538506508156.png,0
0__20170815_180822_102d__-122.34453653105865_37.751380762431076.png,0
0__20170815_180822_102d__-122.35634558387757_37.71688937565941.png,0
0__20170818_175209_101b__-118.16895916407472_33.74280594150412.png,0
0__20170818_175209_101b__-118.18051652258359_33.735390929191965.png,0
0__20170818_175210_101b__-118.18793562093992_33.683913774969795.png,0
0__20170818_175210_101b__-118.18820370101763_33.70339141085239.png,0
0__20170818_180846_1035__-122.1011181187568_37.74569272014269.png,0
0__20170818_180846_1035__-122.10844538668623_37.79906913121184.png,0
0__20170818_180846_1035__-122.16757835610336_37.77376071912917.png,0
0__20170818_180846_1035__-122.19205842780761_37.80929810617294.png,0
0__20170818_180846_1035__-122.31001441170852_37.772409565312216.png,0
0__20170818_180847_1035__-122.16548601911306_37.67188907056209.png,0
0__20170818_180847_1035__-122.21163941837253_37.70806095401484.png,0
0__20170818_180847_1035__-122.32839546769615_37.7362289380464.png,0
0__20170818_180847_1035__-122.34037548501014_37.736756257905796.png,0
0__20170818_180847_1035__-122.34904704335551_37.73796716229238.png,0
0__20170818_180847_1035__-122.35401581365974_37.70687198484906.png,0
0__20170819_174915_1035__-118.079838380833_33.73036017029306.png,0
0__20170819_175034_0f22__-118.14892419014429_33.755845511482754.png,0
0__20170819_175034_0f22__-118.2445993653387_33.806863972749916.png,0
0__20170819_175035_0f22__-118.07571569621857_33.70358350037125.png,0
0__20170819_175035_0f22__-118.11963345188354_33.720238535155865.png,0
0__20170819_175035_0f22__-118.18393344739283_33.73424892757211.png,0
0__20170820_174930_1002__-118.032868622865_33.753326864892585.png,0
0__20170820_174930_1002__-118.06214874206819_33.771638816684906.png,0
0__20170821_175214_101d__-118.06374908368905_33.71234512776165.png,0
0__20170821_175214_101d__-118.09033933530272_33.74133380713321.png,0
0__20170821_175214_101d__-118.28264453650422_33.737050666114996.png,0
0__20170821_175602_0e0e__-118.31087181108646_33.72568860173084.png,0
0__20170821_175602_0e0e__-118.32531273789856_33.76568419793638.png,0
0__20170821_175602_0e0e__-118.33284658861757_33.74804435975076.png,0
0__20170822_153738_0c12__-118.12293638011846_33.6929090027509.png,0
0__20170822_153738_0c12__-118.13393297256395_33.78333748908137.png,0
0__20170822_153738_0c12__-118.1826009458025_33.71029030037845.png,0
0__20170822_153738_0c12__-118.20479177870402_33.75074045066896.png,0
0__20170822_153738_0c12__-118.23212628297769_33.71665123675027.png,0
0__20170822_175101_1006__-118.17514860140908_33.77156143032865.png,0
0__20170822_175102_1006__-118.16909015963806_33.74291292392741.png,0
0__20170822_175102_1006__-118.23303537600333_33.74399529967306.png,0
0__20170822_181222_0f31__-122.19464632878106_37.83773365311365.png,0
0__20170822_181222_0f31__-122.19769387213661_37.820774073552876.png,0
0__20170822_181222_0f31__-122.27585854260244_37.816738019799764.png,0
1__20180708_180909_0f47__-118.22948084941048_33.72866321979766.png,1
1__20180708_182358_1032__-122.33550982288972_37.75925274984844.png,1
1__20180708_182358_1032__-122.33991754689187_37.76914687669393.png,1
1__20180708_182358_1032__-122.34681533273329_37.759451149806985.png,1
1__20180708_182358_1032__-122.35103166981146_37.783620551705866.png,1
1__20180708_182358_1032__-122.35891542555478_37.79385750720744.png,1
1__20180708_182359_1032__-122.31996009102286_37.70924923892104.png,1
1__20180708_182359_1032__-122.3234922122933_37.72879208862254.png,1
1__20180708_182359_1032__-122.32606722895265_37.700090847100654.png,1
1__20180708_182359_1032__-122.33530295227199_37.729075593042815.png,1
1__20180708_182359_1032__-122.33864320042385_37.70949071726955.png,1
1__20180708_182359_1032__-122.34257506539164_37.71903063325828.png,1
1__20180708_182359_1032__-122.3480759546276_37.73998975485291.png,1
1__20180709_182125_0e20__-122.33588782606881_37.75887632967759.png,1
1__20180709_182125_0e20__-122.34189167502934_37.750095171861716.png,1
1__20180709_182125_0e20__-122.34648975412753_37.757745864676465.png,1
1__20180709_182125_0e20__-122.34749738405772_37.73995951399059.png,1
1__20180709_182125_0e20__-122.34966124468926_37.74948935380972.png,1
1__20180709_182127_0e20__-122.3242066077652_37.728850265219606.png,1
1__20180709_182127_0e20__-122.33395578482019_37.72744561981932.png,1
1__20180709_182127_0e20__-122.33766104198615_37.70894441231101.png,1
1__20180709_182127_0e20__-122.34115696827755_37.7177248186803.png,1
1__20180710_180333_1002__-118.14870059475912_33.72935997071027.png,1
1__20180710_180333_1002__-118.1615201605814_33.73392069817631.png,1
1__20180710_180333_1002__-118.16681626356723_33.728053770404784.png,1
1__20180710_180333_1002__-118.17300049753425_33.72802223352182.png,1
1__20180710_180333_1002__-118.20973459261748_33.70599621698435.png,1
1__20180710_180333_1002__-118.21550861995428_33.73210233590155.png,1
1__20180710_180333_1002__-118.21845380940566_33.73886425260294.png,1
1__20180710_180333_1002__-118.22801895462972_33.72150804228225.png,1
1__20180710_180333_1002__-118.22957527585535_33.72847289071367.png,1
1__20180710_182341_1011__-122.32371072721811_37.72722505290939.png,1
1__20180710_182342_1011__-122.33031271979189_37.71614950348854.png,1
1__20180710_182342_1011__-122.33426530656922_37.727095854810166.png,1
1__20180710_182342_1011__-122.33906817197419_37.707627368990195.png,1
1__20180711_180350_1042__-118.10910853383017_33.66716818896835.png,1
1__20180711_180350_1042__-118.11094923116181_33.679462237546524.png,1
1__20180711_180350_1042__-118.12769702716284_33.66832572859885.png,1
1__20180711_180503_1027__-118.18281425815174_33.716402866275395.png,1
1__20180711_180503_1027__-118.2094105381439_33.70597233464287.png,1
1__20180711_180503_1027__-118.21518599153703_33.73218667835787.png,1
1__20180711_180503_1027__-118.21702642511576_33.73868894279697.png,1
1__20180711_180503_1027__-118.21945781994212_33.69994835203065.png,1
1__20180711_180503_1027__-118.22469809532214_33.738450746007395.png,1
1__20180711_180503_1027__-118.22751170308601_33.72908864458548.png,1
1__20180711_180503_1027__-118.22754369384589_33.72906127099897.png,1
1__20180711_180503_1027__-118.22759694858797_33.721431071380884.png,1
1__20180711_182156_1048__-122.33297269876117_37.726980389905535.png,1
1__20180711_182156_1048__-122.33801676743656_37.7072158766653.png,1
1__20180711_182156_1048__-122.34080988710235_37.71847998574628.png,1
1__20180711_182156_1048__-122.34758778531848_37.73741830520621.png,1
1__20180711_182157_1048__-122.34632471005195_37.757150083163445.png,1
1__20180711_182157_1048__-122.3486040190204_37.76908705675157.png,1
1__20180711_182157_1048__-122.35200586297024_37.781300536515815.png,1
1__20180712_180428_101b__-118.12901446353541_33.70722036655822.png,1
1__20180712_180428_101b__-118.14328871299199_33.73636355282378.png,1
1__20180712_180428_101b__-118.14675833341012_33.729405079952606.png,1
1__20180712_180428_101b__-118.15173365182693_33.73582511514229.png,1
1__20180712_180428_101b__-118.1593929991596_33.73467119714559.png,1
1__20180712_180428_101b__-118.15939336307046_33.73469824951598.png,1
1__20180712_180428_101b__-118.20501972925084_33.729986586486476.png,1
1__20180712_180428_101b__-118.22612778818288_33.72285255793923.png,1
1__20180712_180428_101b__-118.22757684026791_33.72911505257103.png,1
1__20180712_180429_101b__-118.10894537441416_33.66706142805287.png,1
1__20180712_180429_101b__-118.11024464239424_33.680036750365346.png,1
1__20180712_180429_101b__-118.12234157841577_33.679521625020726.png,1
1__20180712_180429_101b__-118.12564883363834_33.66758682744614.png,1
1__20180712_180429_101b__-118.13631720546866_33.698820150132214.png,1
1__20180712_180429_101b__-118.1488974011087_33.67849294296003.png,1
1__20180712_180429_101b__-118.15136167018031_33.6958399694963.png,1
1__20180712_180429_101b__-118.19623864430942_33.66183721304447.png,1
1__20180712_180429_101b__-118.20723528527067_33.707833403507784.png,1
1__20180712_180429_101b__-118.21833048463843_33.702637990591164.png,1
1__20180712_180429_101b__-118.22612740350046_33.722825506175006.png,1
1__20180712_180755_0f2d__-118.14319157389623_33.7363644522928.png,1
1__20180712_180755_0f2d__-118.14669357931926_33.72940568131802.png,1
1__20180712_180755_0f2d__-118.14675797353652_33.729378027438536.png,1
1__20180712_180755_0f2d__-118.15166853152456_33.73579866677801.png,1
1__20180712_180755_0f2d__-118.15166889302655_33.73582571921725.png,1
1__20180712_180755_0f2d__-118.15936062028072_33.734671501186604.png,1
1__20180712_180755_0f2d__-118.15939263524922_33.73464414477508.png,1
1__20180712_180755_0f2d__-118.16439790473636_33.72880710541674.png,1
1__20180712_180755_0f2d__-118.16439827013708_33.72883415776477.png,1
1__20180712_180755_0f2d__-118.20505286218336_33.73004037440087.png,1
1__20180712_180755_0f2d__-118.20720291702628_33.70783371987271.png,1
1__20180712_180755_0f2d__-118.21820140188986_33.702666319389046.png,1
1__20180712_180755_0f2d__-118.22612778818288_33.72285255793923.png,1
1__20180712_180755_0f2d__-118.22757645503992_33.729088000848975.png,1
1__20180712_211331_0f06__-118.14283073363218_33.736016066914175.png,1
1__20180712_211331_0f06__-118.15120943831919_33.735370055234476.png,1
1__20180712_211331_0f06__-118.15124181755367_33.7353697533253.png,1
1__20180712_211331_0f06__-118.15929295149586_33.734455690268305.png,1
1__20180712_211331_0f06__-118.16416724979986_33.72851166652616.png,1
1__20180712_211331_0f06__-118.202077984797_33.73033992834809.png,1
1__20180712_211331_0f06__-118.20211036154986_33.73033961314171.png,1
1__20180712_211331_0f06__-118.22599598572424_33.722691533055844.png,1
1__20180712_211331_0f06__-118.2273802733444_33.728954673334805.png,1
1__20180712_211331_0f06__-118.22738065850888_33.72898172505942.png,1
1__20180712_211332_0f06__-118.20615276144385_33.706815861818534.png,1
1__20180712_211332_0f06__-118.21660363531724_33.70184333952649.png,1
1__20180713_180401_1035__-118.14270049795864_33.73596316065097.png,1
1__20180713_180403_1035__-118.10828684215123_33.666174478605015.png,1
1__20180713_180403_1035__-118.12123646860904_33.67915287138419.png,1
1__20180713_180403_1035__-118.12742096231968_33.70666674525748.png,1
1__20180713_180403_1035__-118.13146308327627_33.68904335536601.png,1
1__20180713_180403_1035__-118.14270049795864_33.73596316065097.png,1
1__20180713_180403_1035__-118.15127564228013_33.735477661186415.png,1
1__20180713_180403_1035__-118.16429785193365_33.72859160251572.png,1
1__20180713_180403_1035__-118.16956361406372_33.73484583123226.png,1
1__20180713_180403_1035__-118.20276582323596_33.730901398491014.png,1
1__20180713_180403_1035__-118.22515217787108_33.73850035178332.png,1
1__20180713_180403_1035__-118.22596168899227_33.72255659562643.png,1
ERROR1.png,0
ERROR2.png,0
ERROR3.png,0
ERROR4.png,0
ERROR5.png,0
ERROR6.png,0
ERROR7.png,0
ERROR8.png,0
ERROR9.png,0
OK1.png,1
OK2.png,1
OK3.png,1
unnamed (1).png,0
unnamed (10).png,1
unnamed (11).png,1
unnamed (12).png,1
unnamed (13).png,1
unnamed (14).png,1
unnamed (15).png,1
unnamed (16).png,1
unnamed (17).png,1
unnamed (18).png,1
unnamed (19).png,1
unnamed (2).png,0
unnamed (20).png,1
unnamed (21).png,0
unnamed (22).png,0
unnamed (23).png,0
unnamed (24).png,0
unnamed (25).png,1
unnamed (27).png,1
unnamed (28).png,1
unnamed (29).png,1
unnamed (3).png,0
unnamed (4).png,0
unnamed (5).png,1
unnamed (6).png,1
unnamed (7).png,1
unnamed (8).png,1
unnamed (9).png,1
unnamed.png,0
